{"exact_match": 0.0001288659793814433, "sari": 0.6913279214776094, "ged": 0.5067361745150655, "normalized_exact_match": 0.0006475845097785261}