{"exact_match": 0.0, "sari": 0.4774521342195113, "ged": 0.6797254123310688, "normalized_exact_match": 0.0}