{"exact_match": 0.02100515463917526, "sari": 0.6873550559821249, "ged": 0.45766098776467623, "normalized_exact_match": 0.033221302998965876}