{"exact_match": 0.08827319587628867, "sari": 0.7407455921638257, "ged": 0.3693487402363907, "normalized_exact_match": 0.15685010955019976}