{"exact_match": 0.13827319587628867, "sari": 0.7555340244605028, "ged": 0.3298373548051319, "normalized_exact_match": 0.25712076298492076}